label_name,bbox_x,bbox_y,bbox_width,bbox_height,image_name,image_width,image_height
mono,326,272,106,127,lisc_mono_1.jpg,720,576
mono,411,129,117,104,lisc_mono_10.jpg,720,576
mono,169,181,110,99,lisc_mono_100.jpg,720,576
mono,353,0,98,43,lisc_mono_101.jpg,720,576
mono,447,290,102,100,lisc_mono_102.jpg,720,576
mono,362,93,107,107,lisc_mono_103.jpg,720,576
mono,257,371,95,105,lisc_mono_104.jpg,720,576
mono,292,171,98,122,lisc_mono_105.jpg,720,576
mono,267,533,104,43,lisc_mono_106.jpg,720,576
mono,85,75,95,104,lisc_mono_107.jpg,720,576
mono,545,397,88,88,lisc_mono_108.jpg,720,576
mono,471,15,87,87,lisc_mono_109.jpg,720,576
mono,192,339,110,107,lisc_mono_11.jpg,720,576
mono,159,470,93,85,lisc_mono_110.jpg,720,576
mono,325,248,106,105,lisc_mono_111.jpg,720,576
mono,291,216,104,111,lisc_mono_112.jpg,720,576
mono,300,251,98,108,lisc_mono_113.jpg,720,576
mono,324,219,101,101,lisc_mono_114.jpg,720,576
mono,375,322,102,72,lisc_mono_115.jpg,720,576
mono,243,258,128,102,lisc_mono_116.jpg,720,576
mono,237,182,108,78,lisc_mono_117.jpg,720,576
mono,251,297,79,107,lisc_mono_118.jpg,720,576
mono,388,167,79,87,lisc_mono_119.jpg,720,576
mono,379,126,114,137,lisc_mono_12.jpg,720,576
mono,193,229,102,102,lisc_mono_120.jpg,720,576
mono,424,233,98,104,lisc_mono_121.jpg,720,576
mono,315,123,101,94,lisc_mono_122.jpg,720,576
mono,311,350,96,100,lisc_mono_123.jpg,720,576
mono,241,199,83,87,lisc_mono_124.jpg,720,576
mono,368,165,126,123,lisc_mono_125.jpg,720,576
mono,225,281,123,130,lisc_mono_126.jpg,720,576
mono,351,210,118,106,lisc_mono_127.jpg,720,576
mono,361,299,120,118,lisc_mono_128.jpg,720,576
mono,235,151,123,123,lisc_mono_129.jpg,720,576
mono,192,0,117,43,lisc_mono_13.jpg,720,576
mono,247,357,103,117,lisc_mono_130.jpg,720,576
mono,372,103,101,117,lisc_mono_131.jpg,720,576
mono,177,176,109,102,lisc_mono_132.jpg,720,576
mono,430,299,113,101,lisc_mono_133.jpg,720,576
mono,166,340,125,132,lisc_mono_134.jpg,720,576
mono,424,101,127,137,lisc_mono_135.jpg,720,576
mono,179,92,131,134,lisc_mono_136.jpg,720,576
mono,411,354,135,129,lisc_mono_137.jpg,720,576
mono,367,209,105,120,lisc_mono_138.jpg,720,576
mono,187,155,90,130,lisc_mono_139.jpg,720,576
mono,268,343,107,121,lisc_mono_14.jpg,720,576
mono,446,292,79,124,lisc_mono_140.jpg,720,576
mono,368,120,114,85,lisc_mono_141.jpg,720,576
mono,232,370,130,86,lisc_mono_142.jpg,720,576
mono,478,130,130,123,lisc_mono_143.jpg,720,576
mono,110,324,127,117,lisc_mono_144.jpg,720,576
mono,395,412,120,119,lisc_mono_145.jpg,720,576
mono,200,42,123,119,lisc_mono_146.jpg,720,576
mono,279,222,115,123,lisc_mono_147.jpg,720,576
mono,327,229,115,120,lisc_mono_148.jpg,720,576
mono,254,235,101,120,lisc_mono_149.jpg,720,576
mono,345,109,102,120,lisc_mono_15.jpg,720,576
mono,301,203,121,112,lisc_mono_150.jpg,720,576
mono,297,255,124,115,lisc_mono_151.jpg,720,576
mono,194,331,107,113,lisc_mono_152.jpg,720,576
mono,426,126,99,117,lisc_mono_153.jpg,720,576
mono,205,118,112,111,lisc_mono_154.jpg,720,576
mono,407,344,111,110,lisc_mono_155.jpg,720,576
mono,395,290,78,82,lisc_mono_156.jpg,720,576
mono,358,168,88,84,lisc_mono_157.jpg,720,576
mono,270,318,95,85,lisc_mono_158.jpg,720,576
mono,197,117,104,115,lisc_mono_159.jpg,720,576
mono,177,192,130,111,lisc_mono_16.jpg,720,576
mono,316,296,110,98,lisc_mono_160.jpg,720,576
mono,257,304,101,116,lisc_mono_161.jpg,720,576
mono,359,157,98,111,lisc_mono_162.jpg,720,576
mono,227,192,114,98,lisc_mono_163.jpg,720,576
mono,379,289,113,93,lisc_mono_164.jpg,720,576
mono,153,231,92,116,lisc_mono_165.jpg,720,576
mono,475,224,87,114,lisc_mono_166.jpg,720,576
mono,305,77,104,101,lisc_mono_167.jpg,720,576
mono,300,400,120,94,lisc_mono_168.jpg,720,576
mono,465,103,81,117,lisc_mono_169.jpg,720,576
mono,420,267,121,104,lisc_mono_17.jpg,720,576
mono,177,355,89,106,lisc_mono_170.jpg,720,576
mono,290,172,113,99,lisc_mono_171.jpg,720,576
mono,431,382,110,88,lisc_mono_172.jpg,720,576
mono,179,100,110,88,lisc_mono_173.jpg,720,576
mono,398,195,115,104,lisc_mono_174.jpg,720,576
mono,209,275,104,107,lisc_mono_175.jpg,720,576
mono,343,328,111,110,lisc_mono_176.jpg,720,576
mono,260,132,116,109,lisc_mono_177.jpg,720,576
mono,318,222,110,94,lisc_mono_178.jpg,720,576
mono,283,266,120,82,lisc_mono_179.jpg,720,576
mono,532,42,122,85,lisc_mono_18.jpg,720,576
mono,334,253,88,104,lisc_mono_180.jpg,720,576
mono,295,217,94,112,lisc_mono_181.jpg,720,576
mono,34,339,79,110,lisc_mono_182.jpg,720,576
mono,270,314,87,100,lisc_mono_183.jpg,720,576
mono,362,162,88,100,lisc_mono_184.jpg,720,576
mono,234,191,99,97,lisc_mono_185.jpg,720,576
mono,388,292,94,87,lisc_mono_186.jpg,720,576
mono,453,385,101,108,lisc_mono_187.jpg,720,576
mono,163,78,105,114,lisc_mono_188.jpg,720,576
mono,154,371,106,114,lisc_mono_189.jpg,720,576
mono,59,444,120,86,lisc_mono_19.jpg,720,576
mono,453,85,112,104,lisc_mono_190.jpg,720,576
mono,157,75,102,120,lisc_mono_191.jpg,720,576
mono,456,377,102,130,lisc_mono_192.jpg,720,576
mono,607,124,85,112,lisc_mono_2.jpg,720,576
mono,515,460,97,113,lisc_mono_20.jpg,720,576
mono,108,0,98,107,lisc_mono_21.jpg,720,576
mono,1,284,104,118,lisc_mono_22.jpg,720,576
mono,618,179,101,116,lisc_mono_23.jpg,720,576
mono,416,533,111,43,lisc_mono_24.jpg,720,576
mono,261,0,89,39,lisc_mono_25.jpg,720,576
mono,363,537,103,39,lisc_mono_26.jpg,720,576
mono,206,238,115,104,lisc_mono_27.jpg,720,576
mono,396,238,121,97,lisc_mono_28.jpg,720,576
mono,302,127,102,116,lisc_mono_29.jpg,720,576
mono,451,82,126,111,lisc_mono_3.jpg,720,576
mono,314,331,97,110,lisc_mono_30.jpg,720,576
mono,572,346,73,100,lisc_mono_31.jpg,720,576
mono,75,117,69,110,lisc_mono_32.jpg,720,576
mono,191,499,113,71,lisc_mono_33.jpg,720,576
mono,415,4,108,68,lisc_mono_34.jpg,720,576
mono,4,331,113,92,lisc_mono_35.jpg,720,576
mono,406,277,116,120,lisc_mono_36.jpg,720,576
mono,199,174,116,121,lisc_mono_37.jpg,720,576
mono,244,327,120,120,lisc_mono_38.jpg,720,576
mono,353,130,120,112,lisc_mono_39.jpg,720,576
mono,144,382,120,112,lisc_mono_4.jpg,720,576
mono,283,282,107,116,lisc_mono_40.jpg,720,576
mono,325,178,107,118,lisc_mono_41.jpg,720,576
mono,244,209,118,112,lisc_mono_42.jpg,720,576
mono,354,254,121,107,lisc_mono_43.jpg,720,576
mono,217,359,96,102,lisc_mono_44.jpg,720,576
mono,410,110,89,107,lisc_mono_45.jpg,720,576
mono,596,142,116,104,lisc_mono_46.jpg,720,576
mono,183,149,108,91,lisc_mono_47.jpg,720,576
mono,426,336,109,91,lisc_mono_48.jpg,720,576
mono,225,310,120,137,lisc_mono_49.jpg,720,576
mono,279,200,85,110,lisc_mono_5.jpg,720,576
mono,379,306,137,120,lisc_mono_50.jpg,720,576
mono,199,149,138,127,lisc_mono_51.jpg,720,576
mono,372,332,113,114,lisc_mono_52.jpg,720,576
mono,232,128,115,117,lisc_mono_53.jpg,720,576
mono,197,303,117,109,lisc_mono_54.jpg,720,576
mono,397,164,118,110,lisc_mono_55.jpg,720,576
mono,475,216,93,93,lisc_mono_56.jpg,720,576
mono,211,0,106,37,lisc_mono_57.jpg,720,576
mono,133,259,96,93,lisc_mono_58.jpg,720,576
mono,338,414,98,89,lisc_mono_59.jpg,720,576
mono,349,261,95,104,lisc_mono_6.jpg,720,576
mono,279,69,103,86,lisc_mono_60.jpg,720,576
mono,160,256,88,96,lisc_mono_61.jpg,720,576
mono,467,221,83,95,lisc_mono_62.jpg,720,576
mono,291,96,103,82,lisc_mono_63.jpg,720,576
mono,333,398,94,79,lisc_mono_64.jpg,720,576
mono,379,195,84,89,lisc_mono_65.jpg,720,576
mono,252,284,98,98,lisc_mono_66.jpg,720,576
mono,357,293,98,93,lisc_mono_67.jpg,720,576
mono,401,526,92,50,lisc_mono_68.jpg,720,576
mono,257,185,100,85,lisc_mono_69.jpg,720,576
mono,338,211,101,74,lisc_mono_7.jpg,720,576
mono,412,100,101,101,lisc_mono_70.jpg,720,576
mono,270,203,114,113,lisc_mono_71.jpg,720,576
mono,333,256,114,117,lisc_mono_72.jpg,720,576
mono,333,203,108,109,lisc_mono_73.jpg,720,576
mono,270,261,117,113,lisc_mono_74.jpg,720,576
mono,203,370,106,97,lisc_mono_75.jpg,720,576
mono,443,342,104,101,lisc_mono_76.jpg,720,576
mono,167,136,110,101,lisc_mono_77.jpg,720,576
mono,159,170,96,107,lisc_mono_78.jpg,720,576
mono,19,195,91,106,lisc_mono_79.jpg,720,576
mono,278,287,102,75,lisc_mono_8.jpg,720,576
mono,465,292,96,117,lisc_mono_80.jpg,720,576
mono,364,83,114,91,lisc_mono_81.jpg,720,576
mono,240,390,111,101,lisc_mono_82.jpg,720,576
mono,432,251,128,99,lisc_mono_83.jpg,720,576
mono,161,222,126,100,lisc_mono_84.jpg,720,576
mono,297,354,96,134,lisc_mono_85.jpg,720,576
mono,324,83,98,134,lisc_mono_86.jpg,720,576
mono,270,208,109,120,lisc_mono_87.jpg,720,576
mono,344,239,110,120,lisc_mono_88.jpg,720,576
mono,309,196,129,112,lisc_mono_89.jpg,720,576
mono,415,338,107,115,lisc_mono_9.jpg,720,576
mono,604,272,95,104,lisc_mono_90.jpg,720,576
mono,281,268,128,113,lisc_mono_91.jpg,720,576
mono,9,421,103,103,lisc_mono_92.jpg,720,576
mono,607,50,104,103,lisc_mono_93.jpg,720,576
mono,126,0,104,40,lisc_mono_94.jpg,720,576
mono,495,538,107,38,lisc_mono_95.jpg,720,576
mono,441,248,111,98,lisc_mono_96.jpg,720,576
mono,167,214,105,111,lisc_mono_97.jpg,720,576
mono,298,362,102,111,lisc_mono_98.jpg,720,576
mono,313,98,109,110,lisc_mono_99.jpg,720,576
mono,105,65,146,235,pbc_mono_1.jpg,360,363
mono,96,73,162,210,pbc_mono_10.jpg,360,363
mono,102,96,160,176,pbc_mono_100.jpg,360,363
mono,80,79,202,199,pbc_mono_101.jpg,360,363
mono,90,77,183,207,pbc_mono_102.jpg,360,363
mono,95,122,171,189,pbc_mono_103.jpg,360,363
mono,69,104,218,177,pbc_mono_104.jpg,360,363
mono,99,101,166,162,pbc_mono_105.jpg,360,363
mono,81,77,196,211,pbc_mono_106.jpg,360,363
mono,93,94,179,177,pbc_mono_107.jpg,360,363
mono,75,102,209,197,pbc_mono_108.jpg,360,363
mono,107,104,147,156,pbc_mono_109.jpg,360,363
mono,112,88,140,224,pbc_mono_11.jpg,360,363
mono,107,106,146,150,pbc_mono_110.jpg,360,363
mono,107,110,151,148,pbc_mono_111.jpg,360,363
mono,103,72,158,217,pbc_mono_112.jpg,360,363
mono,88,75,188,212,pbc_mono_113.jpg,360,363
mono,90,92,183,181,pbc_mono_114.jpg,360,363
mono,101,93,160,177,pbc_mono_115.jpg,360,363
mono,83,92,197,180,pbc_mono_116.jpg,360,363
mono,101,103,156,158,pbc_mono_117.jpg,360,363
mono,98,74,164,222,pbc_mono_118.jpg,360,363
mono,95,95,173,190,pbc_mono_119.jpg,360,363
mono,101,86,173,167,pbc_mono_12.jpg,366,369
mono,95,86,171,203,pbc_mono_120.jpg,360,363
mono,99,61,164,237,pbc_mono_121.jpg,360,363
mono,102,109,157,144,pbc_mono_122.jpg,360,363
mono,79,87,199,194,pbc_mono_123.jpg,360,363
mono,122,116,118,152,pbc_mono_124.jpg,360,363
mono,116,113,134,140,pbc_mono_125.jpg,360,363
mono,110,112,143,143,pbc_mono_126.jpg,360,363
mono,96,50,168,247,pbc_mono_127.jpg,360,363
mono,79,52,193,243,pbc_mono_128.jpg,360,363
mono,108,107,141,151,pbc_mono_129.jpg,360,363
mono,102,91,159,174,pbc_mono_13.jpg,360,363
mono,99,99,167,168,pbc_mono_130.jpg,360,363
mono,72,69,241,294,pbc_mono_131.jpg,360,363
mono,105,103,154,156,pbc_mono_132.jpg,360,363
mono,85,82,192,210,pbc_mono_133.jpg,360,363
mono,98,94,165,195,pbc_mono_134.jpg,360,363
mono,101,93,163,177,pbc_mono_135.jpg,360,363
mono,97,82,169,200,pbc_mono_136.jpg,360,363
mono,108,118,148,130,pbc_mono_137.jpg,360,363
mono,119,82,123,200,pbc_mono_138.jpg,360,363
mono,99,97,168,168,pbc_mono_139.jpg,360,363
mono,98,107,162,145,pbc_mono_14.jpg,360,363
mono,80,61,214,250,pbc_mono_140.jpg,360,363
mono,96,102,168,163,pbc_mono_141.jpg,360,363
mono,99,107,158,192,pbc_mono_142.jpg,366,369
mono,113,104,137,148,pbc_mono_143.jpg,366,369
mono,98,69,173,228,pbc_mono_144.jpg,360,363
mono,90,84,176,204,pbc_mono_145.jpg,360,363
mono,101,103,160,160,pbc_mono_146.jpg,360,363
mono,92,76,176,206,pbc_mono_147.jpg,360,363
mono,85,90,193,182,pbc_mono_148.jpg,360,363
mono,114,93,133,184,pbc_mono_149.jpg,360,363
mono,90,90,185,181,pbc_mono_15.jpg,360,363
mono,86,88,188,219,pbc_mono_150.jpg,360,363
mono,105,103,153,152,pbc_mono_151.jpg,360,363
mono,111,121,139,136,pbc_mono_152.jpg,360,363
mono,114,114,135,137,pbc_mono_153.jpg,360,363
mono,111,121,137,122,pbc_mono_154.jpg,360,363
mono,107,111,145,128,pbc_mono_155.jpg,360,363
mono,97,89,169,187,pbc_mono_156.jpg,360,363
mono,114,118,135,129,pbc_mono_157.jpg,360,363
mono,79,89,206,188,pbc_mono_158.jpg,360,363
mono,101,96,160,170,pbc_mono_159.jpg,360,363
mono,85,79,192,207,pbc_mono_16.jpg,360,363
mono,120,118,122,126,pbc_mono_160.jpg,360,363
mono,82,83,195,202,pbc_mono_161.jpg,360,363
mono,116,117,133,134,pbc_mono_162.jpg,360,363
mono,89,99,181,168,pbc_mono_163.jpg,360,363
mono,87,86,190,195,pbc_mono_164.jpg,360,363
mono,75,78,211,205,pbc_mono_165.jpg,360,363
mono,93,97,174,179,pbc_mono_166.jpg,360,363
mono,72,86,198,191,pbc_mono_167.jpg,360,363
mono,125,101,109,180,pbc_mono_168.jpg,360,363
mono,110,103,142,162,pbc_mono_169.jpg,360,363
mono,90,72,175,218,pbc_mono_17.jpg,360,363
mono,91,100,167,169,pbc_mono_170.jpg,360,363
mono,102,105,159,159,pbc_mono_171.jpg,360,363
mono,90,79,180,211,pbc_mono_172.jpg,360,363
mono,112,73,140,216,pbc_mono_173.jpg,360,363
mono,110,121,141,141,pbc_mono_174.jpg,360,363
mono,86,91,192,188,pbc_mono_175.jpg,360,363
mono,97,80,168,228,pbc_mono_176.jpg,360,363
mono,93,70,176,232,pbc_mono_177.jpg,360,363
mono,91,105,181,155,pbc_mono_178.jpg,360,363
mono,106,113,147,143,pbc_mono_179.jpg,360,363
mono,90,81,179,200,pbc_mono_18.jpg,360,363
mono,99,97,158,170,pbc_mono_180.jpg,360,363
mono,86,79,185,213,pbc_mono_181.jpg,360,363
mono,82,83,190,203,pbc_mono_182.jpg,360,363
mono,109,107,142,152,pbc_mono_183.jpg,360,363
mono,113,120,134,133,pbc_mono_184.jpg,360,363
mono,129,64,152,187,pbc_mono_185.jpg,360,363
mono,101,107,161,162,pbc_mono_186.jpg,360,363
mono,111,108,136,142,pbc_mono_187.jpg,360,363
mono,103,106,157,183,pbc_mono_188.jpg,360,363
mono,77,100,227,156,pbc_mono_189.jpg,360,363
mono,99,97,161,171,pbc_mono_19.jpg,360,363
mono,96,85,174,199,pbc_mono_190.jpg,360,363
mono,90,119,188,151,pbc_mono_191.jpg,360,363
mono,109,95,150,168,pbc_mono_192.jpg,360,363
mono,70,119,218,128,pbc_mono_193.jpg,360,363
mono,115,115,133,134,pbc_mono_194.jpg,360,363
mono,115,117,130,132,pbc_mono_195.jpg,360,363
mono,102,101,157,164,pbc_mono_196.jpg,360,363
mono,104,102,151,163,pbc_mono_197.jpg,360,363
mono,87,87,189,186,pbc_mono_198.jpg,360,363
mono,66,110,219,138,pbc_mono_199.jpg,360,363
mono,98,63,171,236,pbc_mono_2.jpg,360,363
mono,113,114,134,141,pbc_mono_20.jpg,360,363
mono,96,97,166,178,pbc_mono_200.jpg,360,363
eosi,0,95,106,159,pbc_mono_200.jpg,360,363
mono,90,97,181,168,pbc_mono_201.jpg,360,363
mono,85,77,196,218,pbc_mono_202.jpg,360,363
mono,116,114,133,136,pbc_mono_203.jpg,360,363
mono,109,116,153,179,pbc_mono_204.jpg,360,363
mono,101,110,158,141,pbc_mono_205.jpg,360,363
mono,91,89,183,191,pbc_mono_206.jpg,360,363
mono,101,105,154,154,pbc_mono_207.jpg,360,363
mono,107,114,145,139,pbc_mono_208.jpg,360,363
mono,109,100,146,169,pbc_mono_209.jpg,360,363
mono,99,101,160,167,pbc_mono_21.jpg,360,363
mono,107,102,145,159,pbc_mono_210.jpg,360,363
mono,87,98,184,173,pbc_mono_211.jpg,360,363
mono,98,121,161,125,pbc_mono_212.jpg,360,363
mono,94,91,178,185,pbc_mono_213.jpg,360,363
mono,103,102,158,164,pbc_mono_214.jpg,360,363
mono,120,141,124,136,pbc_mono_215.jpg,360,363
mono,107,114,147,151,pbc_mono_216.jpg,360,363
mono,120,116,133,139,pbc_mono_217.jpg,366,369
mono,96,93,169,177,pbc_mono_218.jpg,360,363
mono,97,98,166,171,pbc_mono_219.jpg,360,363
mono,115,130,130,122,pbc_mono_22.jpg,360,363
mono,100,111,159,144,pbc_mono_220.jpg,360,363
mono,101,104,160,154,pbc_mono_221.jpg,360,363
mono,116,115,132,138,pbc_mono_222.jpg,360,363
mono,104,107,151,152,pbc_mono_223.jpg,360,363
mono,99,87,163,188,pbc_mono_224.jpg,360,363
mono,100,102,163,163,pbc_mono_225.jpg,360,363
mono,107,113,147,138,pbc_mono_226.jpg,360,363
mono,108,87,146,188,pbc_mono_227.jpg,360,363
mono,88,73,181,222,pbc_mono_228.jpg,360,363
mono,79,90,193,188,pbc_mono_229.jpg,360,363
mono,93,77,170,209,pbc_mono_23.jpg,360,363
mono,88,91,181,196,pbc_mono_230.jpg,360,363
mono,87,90,189,186,pbc_mono_231.jpg,360,363
mono,86,86,190,195,pbc_mono_232.jpg,360,363
mono,100,72,162,218,pbc_mono_233.jpg,360,363
mono,90,50,173,258,pbc_mono_234.jpg,360,363
mono,95,75,170,219,pbc_mono_235.jpg,360,363
mono,95,97,176,169,pbc_mono_236.jpg,360,363
mono,74,69,214,217,pbc_mono_237.jpg,360,363
mono,111,105,140,157,pbc_mono_238.jpg,360,363
mono,105,56,160,251,pbc_mono_239.jpg,360,363
mono,99,96,166,174,pbc_mono_24.jpg,360,363
mono,111,104,138,172,pbc_mono_240.jpg,360,363
mono,90,90,177,186,pbc_mono_241.jpg,360,363
mono,108,123,145,141,pbc_mono_242.jpg,366,369
mono,105,97,149,167,pbc_mono_243.jpg,366,369
mono,101,112,156,142,pbc_mono_244.jpg,360,363
mono,111,106,143,151,pbc_mono_245.jpg,360,363
mono,93,92,175,183,pbc_mono_246.jpg,360,363
mono,99,68,166,230,pbc_mono_247.jpg,360,363
mono,109,110,141,137,pbc_mono_248.jpg,360,363
mono,106,118,149,136,pbc_mono_249.jpg,360,363
mono,66,85,229,200,pbc_mono_25.jpg,360,363
mono,54,40,178,157,pbc_mono_250.jpg,360,363
mono,99,157,166,160,pbc_mono_250.jpg,360,363
mono,87,95,187,177,pbc_mono_251.jpg,360,363
mono,99,79,164,205,pbc_mono_252.jpg,360,363
mono,89,101,191,157,pbc_mono_253.jpg,360,363
mono,134,223,172,140,pbc_mono_253.jpg,360,363
mono,110,80,139,202,pbc_mono_254.jpg,360,363
mono,100,99,167,175,pbc_mono_255.jpg,360,363
mono,99,89,166,177,pbc_mono_256.jpg,360,363
mono,99,98,164,164,pbc_mono_257.jpg,360,363
mono,29,83,279,198,pbc_mono_258.jpg,360,363
mono,113,112,137,136,pbc_mono_259.jpg,360,363
mono,170,225,123,112,pbc_mono_259.jpg,360,363
mono,101,91,167,184,pbc_mono_26.jpg,360,363
mono,81,74,196,215,pbc_mono_260.jpg,360,363
mono,83,84,198,195,pbc_mono_261.jpg,360,363
mono,85,41,192,246,pbc_mono_262.jpg,360,363
mono,106,97,160,154,pbc_mono_263.jpg,366,369
mono,119,102,155,167,pbc_mono_264.jpg,366,369
mono,92,67,184,222,pbc_mono_265.jpg,360,363
mono,97,103,166,153,pbc_mono_266.jpg,360,363
mono,115,99,131,162,pbc_mono_267.jpg,360,363
mono,81,85,206,209,pbc_mono_268.jpg,360,363
mono,88,86,186,191,pbc_mono_269.jpg,360,363
mono,98,58,167,258,pbc_mono_27.jpg,360,363
mono,90,42,185,247,pbc_mono_270.jpg,360,363
mono,114,89,137,181,pbc_mono_271.jpg,360,363
mono,108,102,147,165,pbc_mono_272.jpg,360,363
mono,105,112,158,157,pbc_mono_273.jpg,360,363
mono,101,106,160,155,pbc_mono_274.jpg,360,363
mono,99,75,167,221,pbc_mono_275.jpg,360,363
mono,97,99,168,163,pbc_mono_276.jpg,360,363
mono,109,109,149,145,pbc_mono_277.jpg,360,363
mono,104,106,156,158,pbc_mono_278.jpg,360,363
mono,108,109,145,145,pbc_mono_279.jpg,360,363
mono,112,114,135,135,pbc_mono_28.jpg,360,363
mono,102,104,159,160,pbc_mono_280.jpg,360,363
mono,100,112,164,160,pbc_mono_281.jpg,360,363
mono,97,60,169,240,pbc_mono_282.jpg,360,363
mono,109,100,149,160,pbc_mono_283.jpg,360,363
mono,94,90,172,186,pbc_mono_284.jpg,360,363
mono,104,102,158,162,pbc_mono_285.jpg,360,363
mono,96,83,175,199,pbc_mono_286.jpg,360,363
mono,85,77,191,205,pbc_mono_287.jpg,360,363
mono,98,97,168,168,pbc_mono_288.jpg,360,363
mono,101,107,153,156,pbc_mono_289.jpg,360,363
mono,86,88,189,185,pbc_mono_29.jpg,360,363
mono,84,72,194,218,pbc_mono_290.jpg,360,363
mono,92,92,183,177,pbc_mono_291.jpg,360,363
mono,103,101,158,163,pbc_mono_292.jpg,360,363
mono,99,99,160,164,pbc_mono_293.jpg,360,363
mono,109,97,144,174,pbc_mono_294.jpg,360,363
mono,78,84,202,189,pbc_mono_295.jpg,360,363
mono,97,96,167,179,pbc_mono_296.jpg,360,363
mono,110,117,147,130,pbc_mono_297.jpg,360,363
mono,99,86,164,188,pbc_mono_298.jpg,360,363
mono,107,104,167,165,pbc_mono_299.jpg,366,369
mono,106,121,153,153,pbc_mono_3.jpg,360,363
mono,77,124,204,189,pbc_mono_30.jpg,360,363
mono,105,111,148,143,pbc_mono_300.jpg,360,363
mono,105,112,156,137,pbc_mono_301.jpg,360,363
mono,103,105,153,152,pbc_mono_302.jpg,360,363
mono,111,116,137,132,pbc_mono_303.jpg,360,363
mono,105,108,147,149,pbc_mono_304.jpg,366,369
mono,89,86,177,194,pbc_mono_305.jpg,360,363
mono,116,118,131,131,pbc_mono_306.jpg,360,363
mono,98,97,166,171,pbc_mono_307.jpg,360,363
mono,94,85,171,191,pbc_mono_308.jpg,360,363
mono,103,72,170,203,pbc_mono_309.jpg,360,363
mono,99,107,161,153,pbc_mono_31.jpg,360,363
eosi,311,30,49,125,pbc_mono_31.jpg,360,363
mono,82,91,198,181,pbc_mono_310.jpg,360,363
mono,96,64,164,229,pbc_mono_311.jpg,360,363
mono,92,101,173,163,pbc_mono_312.jpg,360,363
mono,107,121,151,141,pbc_mono_313.jpg,360,363
mono,91,100,183,196,pbc_mono_314.jpg,360,363
mono,87,97,177,187,pbc_mono_315.jpg,360,363
mono,71,92,216,172,pbc_mono_316.jpg,360,363
mono,116,105,131,151,pbc_mono_317.jpg,360,363
mono,93,86,171,197,pbc_mono_318.jpg,360,363
mono,107,104,144,156,pbc_mono_319.jpg,360,363
mono,114,111,137,145,pbc_mono_32.jpg,360,363
mono,90,63,99,92,pbc_mono_320.jpg,360,363
mono,93,113,178,175,pbc_mono_320.jpg,360,363
mono,128,73,109,217,pbc_mono_321.jpg,360,363
mono,101,109,165,158,pbc_mono_322.jpg,360,363
mono,99,98,165,163,pbc_mono_323.jpg,360,363
mono,117,120,128,119,pbc_mono_324.jpg,360,363
mono,97,89,165,188,pbc_mono_325.jpg,360,363
mono,103,105,158,157,pbc_mono_326.jpg,360,363
mono,102,98,157,163,pbc_mono_327.jpg,360,363
mono,98,70,164,232,pbc_mono_328.jpg,360,363
mono,105,104,154,157,pbc_mono_329.jpg,360,363
mono,34,77,261,223,pbc_mono_33.jpg,360,363
mono,93,82,174,202,pbc_mono_330.jpg,360,363
mono,118,112,126,139,pbc_mono_331.jpg,360,363
mono,98,112,168,173,pbc_mono_332.jpg,360,363
mono,112,112,137,134,pbc_mono_333.jpg,366,369
mono,104,100,155,163,pbc_mono_334.jpg,360,363
mono,99,93,168,197,pbc_mono_335.jpg,360,363
mono,115,79,132,206,pbc_mono_336.jpg,360,363
mono,103,102,157,163,pbc_mono_337.jpg,360,363
mono,85,96,182,181,pbc_mono_338.jpg,360,363
mono,99,94,163,177,pbc_mono_339.jpg,360,363
mono,89,97,172,170,pbc_mono_34.jpg,360,363
mono,93,102,169,154,pbc_mono_340.jpg,360,363
mono,176,246,181,117,pbc_mono_340.jpg,360,363
mono,96,97,170,174,pbc_mono_341.jpg,360,363
mono,103,78,151,208,pbc_mono_342.jpg,360,363
mono,90,101,189,174,pbc_mono_343.jpg,360,363
mono,97,96,165,173,pbc_mono_344.jpg,360,363
mono,93,102,170,162,pbc_mono_345.jpg,360,363
mono,79,73,207,224,pbc_mono_346.jpg,360,363
mono,93,88,183,188,pbc_mono_347.jpg,360,363
mono,73,97,218,240,pbc_mono_348.jpg,360,363
mono,82,80,191,211,pbc_mono_349.jpg,360,363
mono,111,109,140,145,pbc_mono_35.jpg,360,363
mono,92,101,176,161,pbc_mono_350.jpg,360,363
mono,98,89,164,188,pbc_mono_351.jpg,360,363
mono,92,96,177,182,pbc_mono_352.jpg,360,363
mono,110,101,145,162,pbc_mono_353.jpg,360,363
mono,94,92,175,178,pbc_mono_354.jpg,360,363
mono,100,66,159,205,pbc_mono_355.jpg,360,363
mono,89,99,182,165,pbc_mono_356.jpg,360,363
mono,95,79,171,212,pbc_mono_357.jpg,360,363
mono,83,102,218,184,pbc_mono_358.jpg,360,363
mono,114,112,134,139,pbc_mono_359.jpg,360,363
mono,120,109,124,142,pbc_mono_36.jpg,360,363
mono,113,102,136,162,pbc_mono_360.jpg,360,363
mono,100,73,164,259,pbc_mono_361.jpg,360,363
mono,103,58,154,248,pbc_mono_362.jpg,360,363
mono,114,88,137,199,pbc_mono_363.jpg,360,363
mono,110,116,140,137,pbc_mono_364.jpg,360,363
mono,101,99,160,163,pbc_mono_365.jpg,360,363
mono,99,84,159,197,pbc_mono_366.jpg,360,363
mono,104,101,155,157,pbc_mono_367.jpg,360,363
mono,123,122,114,127,pbc_mono_368.jpg,360,363
mono,114,41,139,269,pbc_mono_369.jpg,360,363
mono,113,64,130,234,pbc_mono_37.jpg,360,363
mono,95,104,172,154,pbc_mono_370.jpg,360,363
mono,98,95,163,172,pbc_mono_371.jpg,360,363
mono,131,138,104,101,pbc_mono_372.jpg,366,369
mono,94,91,169,182,pbc_mono_373.jpg,360,363
mono,80,81,211,210,pbc_mono_374.jpg,360,363
mono,104,99,151,163,pbc_mono_375.jpg,360,363
mono,108,110,145,145,pbc_mono_376.jpg,360,363
mono,90,91,182,184,pbc_mono_377.jpg,360,363
mono,75,66,220,228,pbc_mono_378.jpg,360,363
mono,77,102,198,181,pbc_mono_379.jpg,360,363
mono,103,109,159,161,pbc_mono_38.jpg,360,363
mono,101,96,157,172,pbc_mono_380.jpg,360,363
mono,88,71,186,214,pbc_mono_381.jpg,360,363
mono,92,97,167,207,pbc_mono_382.jpg,360,363
mono,94,105,173,154,pbc_mono_383.jpg,360,363
mono,77,111,209,200,pbc_mono_384.jpg,360,363
mono,89,99,169,165,pbc_mono_385.jpg,360,363
mono,99,113,143,170,pbc_mono_386.jpg,366,369
mono,97,103,165,177,pbc_mono_387.jpg,360,363
mono,98,96,164,174,pbc_mono_388.jpg,360,363
mono,94,113,170,168,pbc_mono_389.jpg,360,363
mono,103,41,163,254,pbc_mono_39.jpg,360,363
mono,111,111,138,143,pbc_mono_390.jpg,360,363
mono,91,94,171,181,pbc_mono_391.jpg,360,363
mono,87,95,188,184,pbc_mono_392.jpg,360,363
mono,91,74,178,214,pbc_mono_393.jpg,360,363
mono,91,85,180,189,pbc_mono_394.jpg,360,363
mono,87,89,183,186,pbc_mono_395.jpg,360,363
mono,93,88,194,192,pbc_mono_396.jpg,360,363
mono,109,108,144,149,pbc_mono_397.jpg,360,363
mono,112,79,139,204,pbc_mono_398.jpg,360,363
mono,70,82,220,204,pbc_mono_399.jpg,360,363
mono,123,118,116,129,pbc_mono_4.jpg,360,363
mono,110,108,144,148,pbc_mono_40.jpg,360,363
mono,107,102,145,162,pbc_mono_400.jpg,360,363
mono,80,92,198,183,pbc_mono_401.jpg,360,363
mono,110,109,141,150,pbc_mono_402.jpg,360,363
mono,85,61,191,243,pbc_mono_403.jpg,360,363
mono,10,0,169,69,pbc_mono_403.jpg,360,363
mono,88,93,181,179,pbc_mono_404.jpg,360,363
mono,0,0,114,52,pbc_mono_405.jpg,360,363
mono,88,77,189,207,pbc_mono_405.jpg,360,363
mono,87,81,188,242,pbc_mono_406.jpg,360,363
mono,109,95,140,177,pbc_mono_407.jpg,360,363
mono,112,112,136,139,pbc_mono_408.jpg,360,363
mono,107,106,146,150,pbc_mono_409.jpg,360,363
mono,86,47,178,222,pbc_mono_41.jpg,360,363
mono,77,60,201,241,pbc_mono_410.jpg,360,363
mono,109,115,148,134,pbc_mono_411.jpg,360,363
mono,75,92,208,183,pbc_mono_412.jpg,360,363
mono,92,103,179,181,pbc_mono_413.jpg,360,363
mono,65,46,223,272,pbc_mono_414.jpg,360,363
mono,111,115,143,133,pbc_mono_415.jpg,360,363
mono,109,126,144,133,pbc_mono_416.jpg,360,363
mono,104,103,154,158,pbc_mono_417.jpg,360,363
mono,92,99,179,167,pbc_mono_418.jpg,360,363
mono,116,116,129,130,pbc_mono_419.jpg,360,363
mono,104,109,156,157,pbc_mono_42.jpg,360,363
mono,74,109,213,179,pbc_mono_420.jpg,360,363
mono,86,43,191,262,pbc_mono_421.jpg,360,363
mono,91,96,181,181,pbc_mono_422.jpg,360,363
mono,100,102,167,155,pbc_mono_423.jpg,360,363
mono,99,95,166,173,pbc_mono_424.jpg,360,363
mono,124,73,117,221,pbc_mono_425.jpg,360,363
mono,101,104,158,158,pbc_mono_426.jpg,360,363
mono,92,60,175,242,pbc_mono_427.jpg,360,363
mono,78,73,203,219,pbc_mono_428.jpg,360,363
mono,112,80,147,220,pbc_mono_429.jpg,360,363
mono,95,71,171,225,pbc_mono_43.jpg,360,363
mono,99,43,163,268,pbc_mono_430.jpg,360,363
mono,89,95,180,179,pbc_mono_431.jpg,360,363
mono,90,46,183,249,pbc_mono_432.jpg,360,363
mono,114,115,135,134,pbc_mono_433.jpg,360,363
mono,91,80,176,210,pbc_mono_434.jpg,360,363
mono,106,103,149,156,pbc_mono_435.jpg,360,363
mono,82,66,202,218,pbc_mono_436.jpg,360,363
mono,102,102,156,167,pbc_mono_437.jpg,360,363
mono,92,75,176,210,pbc_mono_438.jpg,360,363
mono,119,100,123,162,pbc_mono_439.jpg,360,363
mono,110,109,140,148,pbc_mono_44.jpg,360,363
mono,104,113,151,139,pbc_mono_440.jpg,360,363
mono,78,74,191,221,pbc_mono_441.jpg,360,363
eosi,0,109,57,134,pbc_mono_441.jpg,360,363
mono,104,112,154,158,pbc_mono_442.jpg,360,363
mono,79,90,197,189,pbc_mono_443.jpg,360,363
mono,98,97,169,168,pbc_mono_444.jpg,360,363
mono,104,88,158,189,pbc_mono_445.jpg,360,363
mono,58,102,238,194,pbc_mono_446.jpg,360,363
mono,91,98,175,166,pbc_mono_447.jpg,360,363
mono,87,98,168,163,pbc_mono_448.jpg,366,369
mono,76,89,194,189,pbc_mono_449.jpg,360,363
mono,92,83,179,203,pbc_mono_45.jpg,360,363
mono,115,105,125,155,pbc_mono_450.jpg,360,363
mono,109,111,143,143,pbc_mono_451.jpg,360,363
mono,84,116,192,160,pbc_mono_452.jpg,360,363
mono,113,106,136,149,pbc_mono_453.jpg,360,363
mono,102,103,157,155,pbc_mono_454.jpg,360,363
mono,95,66,171,230,pbc_mono_455.jpg,360,363
mono,86,76,201,210,pbc_mono_456.jpg,360,363
mono,90,113,180,135,pbc_mono_457.jpg,360,363
eosi,0,107,68,127,pbc_mono_457.jpg,360,363
mono,101,99,156,167,pbc_mono_458.jpg,360,363
mono,119,125,121,119,pbc_mono_459.jpg,360,363
mono,81,83,198,201,pbc_mono_46.jpg,360,363
mono,104,79,153,202,pbc_mono_460.jpg,360,363
mono,93,76,178,212,pbc_mono_461.jpg,360,363
mono,79,56,208,230,pbc_mono_462.jpg,360,363
mono,88,67,174,210,pbc_mono_463.jpg,360,363
lymp,256,143,97,94,pbc_mono_463.jpg,360,363
mono,94,96,177,173,pbc_mono_464.jpg,360,363
mono,88,89,178,192,pbc_mono_465.jpg,360,363
mono,99,101,165,196,pbc_mono_466.jpg,360,363
mono,100,37,159,264,pbc_mono_467.jpg,360,363
mono,94,65,172,224,pbc_mono_468.jpg,360,363
mono,87,68,186,239,pbc_mono_469.jpg,360,363
mono,98,100,169,173,pbc_mono_47.jpg,360,363
mono,108,102,145,160,pbc_mono_470.jpg,360,363
mono,110,92,145,181,pbc_mono_471.jpg,360,363
mono,102,102,157,158,pbc_mono_472.jpg,360,363
mono,109,102,143,156,pbc_mono_473.jpg,360,363
mono,106,63,150,233,pbc_mono_474.jpg,360,363
mono,96,95,164,181,pbc_mono_475.jpg,360,363
mono,87,94,182,176,pbc_mono_476.jpg,360,363
mono,92,89,178,184,pbc_mono_477.jpg,360,363
mono,99,96,161,167,pbc_mono_478.jpg,360,363
mono,70,70,218,222,pbc_mono_479.jpg,360,363
mono,107,112,145,141,pbc_mono_48.jpg,360,363
mono,98,93,162,174,pbc_mono_480.jpg,360,363
mono,84,105,187,187,pbc_mono_481.jpg,360,363
mono,75,101,212,185,pbc_mono_482.jpg,360,363
mono,107,107,148,151,pbc_mono_483.jpg,360,363
mono,112,116,136,133,pbc_mono_484.jpg,360,363
mono,101,95,152,258,pbc_mono_485.jpg,360,363
mono,97,84,157,199,pbc_mono_486.jpg,360,363
mono,96,98,169,164,pbc_mono_487.jpg,360,363
mono,92,85,174,197,pbc_mono_488.jpg,360,363
mono,99,95,161,174,pbc_mono_489.jpg,360,363
mono,102,103,155,155,pbc_mono_49.jpg,360,363
mono,81,68,194,226,pbc_mono_490.jpg,360,363
mono,84,92,194,180,pbc_mono_491.jpg,360,363
mono,93,99,175,167,pbc_mono_492.jpg,360,363
mono,91,68,176,229,pbc_mono_493.jpg,360,363
mono,92,91,180,181,pbc_mono_494.jpg,360,363
mono,89,79,180,208,pbc_mono_495.jpg,360,363
mono,99,114,158,161,pbc_mono_496.jpg,360,363
mono,99,96,162,169,pbc_mono_497.jpg,360,363
mono,108,113,147,150,pbc_mono_498.jpg,360,363
mono,111,99,140,169,pbc_mono_499.jpg,360,363
mono,116,63,130,222,pbc_mono_5.jpg,360,363
mono,86,80,191,229,pbc_mono_50.jpg,360,363
mono,99,83,166,201,pbc_mono_500.jpg,360,363
mono,108,102,150,156,pbc_mono_501.jpg,360,363
mono,86,93,186,187,pbc_mono_502.jpg,360,363
mono,58,107,244,180,pbc_mono_503.jpg,360,363
mono,101,102,158,163,pbc_mono_504.jpg,360,363
mono,106,104,153,164,pbc_mono_51.jpg,360,363
mono,105,112,155,152,pbc_mono_52.jpg,360,363
mono,109,33,142,284,pbc_mono_53.jpg,360,363
mono,99,66,163,226,pbc_mono_54.jpg,360,363
mono,106,104,153,156,pbc_mono_55.jpg,360,363
mono,113,118,133,128,pbc_mono_56.jpg,360,363
mono,104,103,154,157,pbc_mono_57.jpg,360,363
mono,108,105,144,153,pbc_mono_58.jpg,360,363
mono,104,98,151,167,pbc_mono_59.jpg,360,363
mono,116,113,130,134,pbc_mono_6.jpg,360,363
mono,106,88,149,190,pbc_mono_60.jpg,360,363
mono,103,108,157,147,pbc_mono_61.jpg,360,363
mono,96,84,169,195,pbc_mono_62.jpg,360,363
mono,103,113,153,138,pbc_mono_63.jpg,360,363
mono,82,92,192,182,pbc_mono_64.jpg,360,363
mono,75,64,216,235,pbc_mono_65.jpg,360,363
mono,107,109,146,144,pbc_mono_66.jpg,360,363
mono,85,80,193,219,pbc_mono_67.jpg,360,363
mono,76,75,207,196,pbc_mono_68.jpg,360,363
mono,113,80,131,198,pbc_mono_69.jpg,360,363
mono,107,81,155,207,pbc_mono_7.jpg,360,363
mono,107,102,151,157,pbc_mono_70.jpg,360,363
mono,101,98,157,169,pbc_mono_71.jpg,360,363
mono,110,115,140,148,pbc_mono_72.jpg,360,363
mono,105,110,148,147,pbc_mono_73.jpg,360,363
mono,89,97,179,175,pbc_mono_74.jpg,360,363
mono,78,96,209,178,pbc_mono_75.jpg,360,363
mono,105,119,158,130,pbc_mono_76.jpg,360,363
mono,102,48,158,269,pbc_mono_77.jpg,360,363
mono,93,45,178,275,pbc_mono_78.jpg,360,363
mono,80,88,193,198,pbc_mono_79.jpg,360,363
mono,101,64,157,234,pbc_mono_8.jpg,360,363
mono,89,88,186,189,pbc_mono_80.jpg,360,363
mono,107,115,142,128,pbc_mono_81.jpg,360,363
mono,95,99,174,171,pbc_mono_82.jpg,360,363
mono,108,82,150,194,pbc_mono_83.jpg,360,363
mono,95,95,169,162,pbc_mono_84.jpg,366,369
mono,78,103,196,194,pbc_mono_85.jpg,360,363
mono,63,0,153,61,pbc_mono_85.jpg,360,363
mono,80,74,199,213,pbc_mono_86.jpg,360,363
mono,107,108,143,149,pbc_mono_87.jpg,360,363
mono,112,97,140,169,pbc_mono_88.jpg,360,363
mono,109,100,145,159,pbc_mono_89.jpg,360,363
mono,68,61,221,246,pbc_mono_9.jpg,360,363
mono,137,0,112,44,pbc_mono_90.jpg,360,363
mono,106,107,148,147,pbc_mono_90.jpg,360,363
mono,98,96,174,174,pbc_mono_91.jpg,360,363
mono,112,78,134,204,pbc_mono_92.jpg,360,363
mono,90,86,179,225,pbc_mono_93.jpg,360,363
mono,110,109,145,149,pbc_mono_94.jpg,360,363
mono,98,108,160,169,pbc_mono_95.jpg,360,363
mono,91,90,178,186,pbc_mono_96.jpg,360,363
mono,104,100,155,164,pbc_mono_97.jpg,360,363
mono,113,104,136,154,pbc_mono_98.jpg,360,363
mono,114,85,127,198,pbc_mono_99.jpg,360,363
mono,113,151,283,284,rabbin_wbc_mono_1.jpg,575,575
mono,139,147,277,303,rabbin_wbc_mono_10.jpg,575,575
mono,154,126,291,328,rabbin_wbc_mono_100.jpg,575,575
mono,135,138,313,298,rabbin_wbc_mono_101.jpg,575,575
mono,123,122,294,357,rabbin_wbc_mono_102.jpg,575,575
mono,120,127,337,345,rabbin_wbc_mono_103.jpg,575,575
mono,133,140,305,319,rabbin_wbc_mono_104.jpg,575,575
mono,113,139,339,297,rabbin_wbc_mono_105.jpg,575,575
mono,141,150,240,253,rabbin_wbc_mono_106.jpg,575,575
mono,117,141,293,288,rabbin_wbc_mono_107.jpg,575,575
mono,136,97,322,348,rabbin_wbc_mono_108.jpg,575,575
mono,137,75,341,354,rabbin_wbc_mono_109.jpg,575,575
mono,136,173,296,286,rabbin_wbc_mono_11.jpg,575,575
mono,156,141,296,297,rabbin_wbc_mono_110.jpg,575,575
mono,121,158,306,304,rabbin_wbc_mono_111.jpg,575,575
mono,165,155,239,249,rabbin_wbc_mono_112.jpg,575,575
mono,169,162,289,311,rabbin_wbc_mono_113.jpg,575,575
mono,184,48,260,357,rabbin_wbc_mono_114.jpg,575,575
mono,114,112,298,306,rabbin_wbc_mono_115.jpg,575,575
mono,142,141,264,306,rabbin_wbc_mono_116.jpg,575,575
mono,117,72,356,434,rabbin_wbc_mono_117.jpg,575,575
mono,142,55,256,389,rabbin_wbc_mono_118.jpg,575,575
mono,178,127,222,338,rabbin_wbc_mono_119.jpg,575,575
mono,131,94,294,385,rabbin_wbc_mono_12.jpg,575,575
mono,146,170,259,248,rabbin_wbc_mono_120.jpg,575,575
mono,166,173,230,224,rabbin_wbc_mono_121.jpg,575,575
mono,179,183,237,240,rabbin_wbc_mono_122.jpg,575,575
mono,167,173,217,259,rabbin_wbc_mono_123.jpg,575,575
mono,146,144,275,286,rabbin_wbc_mono_124.jpg,575,575
mono,149,149,259,279,rabbin_wbc_mono_125.jpg,575,575
mono,175,158,227,257,rabbin_wbc_mono_126.jpg,575,575
mono,174,158,236,232,rabbin_wbc_mono_127.jpg,575,575
mono,168,135,259,268,rabbin_wbc_mono_128.jpg,575,575
mono,107,110,330,323,rabbin_wbc_mono_129.jpg,575,575
mono,157,124,265,294,rabbin_wbc_mono_13.jpg,575,575
mono,174,54,288,459,rabbin_wbc_mono_130.jpg,575,575
mono,141,157,293,271,rabbin_wbc_mono_131.jpg,575,575
mono,151,179,250,247,rabbin_wbc_mono_132.jpg,575,575
mono,114,125,342,309,rabbin_wbc_mono_133.jpg,575,575
mono,146,151,288,259,rabbin_wbc_mono_134.jpg,575,575
mono,151,103,233,281,rabbin_wbc_mono_135.jpg,575,575
mono,171,194,237,247,rabbin_wbc_mono_136.jpg,575,575
mono,155,147,253,286,rabbin_wbc_mono_137.jpg,575,575
mono,165,142,262,264,rabbin_wbc_mono_138.jpg,575,575
mono,130,147,268,280,rabbin_wbc_mono_139.jpg,575,575
mono,116,118,297,294,rabbin_wbc_mono_14.jpg,575,575
mono,98,118,314,289,rabbin_wbc_mono_140.jpg,575,575
mono,130,115,284,336,rabbin_wbc_mono_141.jpg,575,575
mono,142,40,272,385,rabbin_wbc_mono_142.jpg,575,575
mono,158,115,272,319,rabbin_wbc_mono_143.jpg,575,575
mono,123,119,301,280,rabbin_wbc_mono_144.jpg,575,575
mono,105,150,386,339,rabbin_wbc_mono_145.jpg,575,575
mono,125,103,296,334,rabbin_wbc_mono_146.jpg,575,575
mono,153,151,265,323,rabbin_wbc_mono_147.jpg,575,575
mono,168,124,262,293,rabbin_wbc_mono_148.jpg,575,575
mono,166,70,281,387,rabbin_wbc_mono_149.jpg,575,575
mono,96,116,341,344,rabbin_wbc_mono_15.jpg,575,575
mono,177,112,266,291,rabbin_wbc_mono_150.jpg,575,575
mono,164,99,262,335,rabbin_wbc_mono_151.jpg,575,575
mono,139,80,322,351,rabbin_wbc_mono_152.jpg,575,575
mono,128,132,319,280,rabbin_wbc_mono_153.jpg,575,575
mono,133,150,294,284,rabbin_wbc_mono_154.jpg,575,575
mono,160,144,274,300,rabbin_wbc_mono_155.jpg,575,575
mono,105,132,326,316,rabbin_wbc_mono_156.jpg,575,575
mono,139,138,256,279,rabbin_wbc_mono_157.jpg,575,575
mono,164,185,241,197,rabbin_wbc_mono_158.jpg,575,575
mono,190,160,230,253,rabbin_wbc_mono_159.jpg,575,575
mono,111,168,292,298,rabbin_wbc_mono_16.jpg,575,575
mono,133,149,302,302,rabbin_wbc_mono_160.jpg,575,575
mono,118,103,305,364,rabbin_wbc_mono_161.jpg,575,575
mono,123,134,283,354,rabbin_wbc_mono_162.jpg,575,575
mono,152,34,251,408,rabbin_wbc_mono_163.jpg,575,575
mono,110,116,332,322,rabbin_wbc_mono_164.jpg,575,575
mono,145,154,270,253,rabbin_wbc_mono_165.jpg,575,575
mono,171,174,229,239,rabbin_wbc_mono_166.jpg,575,575
mono,139,162,266,251,rabbin_wbc_mono_167.jpg,575,575
mono,168,164,261,230,rabbin_wbc_mono_168.jpg,575,575
mono,157,62,261,442,rabbin_wbc_mono_169.jpg,575,575
mono,125,80,357,312,rabbin_wbc_mono_17.jpg,575,575
mono,122,130,295,350,rabbin_wbc_mono_170.jpg,575,575
mono,169,112,274,357,rabbin_wbc_mono_171.jpg,575,575
mono,172,133,238,356,rabbin_wbc_mono_172.jpg,575,575
mono,163,163,229,268,rabbin_wbc_mono_173.jpg,575,575
mono,165,125,228,386,rabbin_wbc_mono_174.jpg,575,575
mono,160,131,253,277,rabbin_wbc_mono_175.jpg,575,575
mono,63,154,327,246,rabbin_wbc_mono_176.jpg,575,575
mono,117,90,324,394,rabbin_wbc_mono_177.jpg,575,575
mono,145,104,333,349,rabbin_wbc_mono_178.jpg,575,575
mono,117,164,321,278,rabbin_wbc_mono_179.jpg,575,575
mono,158,160,296,308,rabbin_wbc_mono_18.jpg,575,575
mono,175,43,235,433,rabbin_wbc_mono_180.jpg,575,575
mono,142,136,314,309,rabbin_wbc_mono_181.jpg,575,575
mono,127,133,286,276,rabbin_wbc_mono_182.jpg,575,575
mono,179,33,241,439,rabbin_wbc_mono_183.jpg,575,575
mono,182,106,243,329,rabbin_wbc_mono_184.jpg,575,575
mono,152,86,270,399,rabbin_wbc_mono_185.jpg,575,575
mono,132,141,249,275,rabbin_wbc_mono_186.jpg,575,575
mono,128,134,295,331,rabbin_wbc_mono_187.jpg,575,575
mono,165,144,242,301,rabbin_wbc_mono_188.jpg,575,575
mono,138,173,275,275,rabbin_wbc_mono_189.jpg,575,575
eosi,414,199,161,304,rabbin_wbc_mono_189.jpg,575,575
mono,172,34,247,473,rabbin_wbc_mono_19.jpg,575,575
mono,166,108,281,325,rabbin_wbc_mono_190.jpg,575,575
mono,137,141,315,284,rabbin_wbc_mono_191.jpg,575,575
mono,132,116,320,320,rabbin_wbc_mono_192.jpg,575,575
mono,117,94,316,331,rabbin_wbc_mono_193.jpg,575,575
mono,122,94,345,348,rabbin_wbc_mono_194.jpg,575,575
mono,105,135,364,345,rabbin_wbc_mono_195.jpg,575,575
mono,142,88,294,316,rabbin_wbc_mono_196.jpg,575,575
mono,143,97,319,325,rabbin_wbc_mono_197.jpg,575,575
mono,127,183,300,311,rabbin_wbc_mono_198.jpg,575,575
mono,138,165,305,319,rabbin_wbc_mono_199.jpg,575,575
mono,132,125,310,331,rabbin_wbc_mono_2.jpg,575,575
mono,155,60,265,354,rabbin_wbc_mono_20.jpg,575,575
mono,99,114,331,350,rabbin_wbc_mono_200.jpg,575,575
mono,169,154,268,269,rabbin_wbc_mono_201.jpg,575,575
mono,145,165,288,230,rabbin_wbc_mono_202.jpg,575,575
mono,156,157,265,278,rabbin_wbc_mono_203.jpg,575,575
mono,81,155,386,274,rabbin_wbc_mono_204.jpg,575,575
mono,111,148,282,310,rabbin_wbc_mono_205.jpg,575,575
mono,131,126,297,357,rabbin_wbc_mono_206.jpg,575,575
mono,149,106,278,321,rabbin_wbc_mono_207.jpg,575,575
mono,120,143,310,340,rabbin_wbc_mono_208.jpg,575,575
mono,143,95,322,339,rabbin_wbc_mono_209.jpg,575,575
mono,152,152,285,294,rabbin_wbc_mono_21.jpg,575,575
mono,128,148,274,348,rabbin_wbc_mono_210.jpg,575,575
mono,100,148,346,301,rabbin_wbc_mono_211.jpg,575,575
mono,47,56,389,440,rabbin_wbc_mono_212.jpg,575,575
mono,161,175,260,246,rabbin_wbc_mono_213.jpg,575,575
mono,151,125,300,328,rabbin_wbc_mono_214.jpg,575,575
mono,125,156,323,259,rabbin_wbc_mono_215.jpg,575,575
mono,148,101,284,372,rabbin_wbc_mono_216.jpg,575,575
mono,133,107,302,313,rabbin_wbc_mono_217.jpg,575,575
mono,168,98,245,367,rabbin_wbc_mono_218.jpg,575,575
mono,486,320,89,255,rabbin_wbc_mono_218.jpg,575,575
mono,142,143,281,270,rabbin_wbc_mono_219.jpg,575,575
mono,174,134,278,310,rabbin_wbc_mono_22.jpg,575,575
mono,109,127,342,314,rabbin_wbc_mono_220.jpg,575,575
mono,102,132,361,310,rabbin_wbc_mono_221.jpg,575,575
mono,137,116,332,317,rabbin_wbc_mono_222.jpg,575,575
mono,120,148,319,287,rabbin_wbc_mono_223.jpg,575,575
mono,139,127,288,311,rabbin_wbc_mono_224.jpg,575,575
mono,136,132,307,310,rabbin_wbc_mono_225.jpg,575,575
mono,168,110,330,337,rabbin_wbc_mono_226.jpg,575,575
mono,147,136,326,304,rabbin_wbc_mono_227.jpg,575,575
mono,136,141,292,296,rabbin_wbc_mono_228.jpg,575,575
mono,123,160,296,299,rabbin_wbc_mono_229.jpg,575,575
mono,127,113,302,337,rabbin_wbc_mono_23.jpg,575,575
mono,156,139,260,281,rabbin_wbc_mono_230.jpg,575,575
mono,165,98,289,313,rabbin_wbc_mono_231.jpg,575,575
mono,144,30,285,366,rabbin_wbc_mono_232.jpg,575,575
mono,123,125,303,297,rabbin_wbc_mono_233.jpg,575,575
mono,165,169,263,264,rabbin_wbc_mono_234.jpg,575,575
mono,129,84,288,363,rabbin_wbc_mono_235.jpg,575,575
mono,131,119,313,319,rabbin_wbc_mono_236.jpg,575,575
mono,165,157,284,294,rabbin_wbc_mono_237.jpg,575,575
mono,158,88,300,360,rabbin_wbc_mono_238.jpg,575,575
mono,162,142,259,332,rabbin_wbc_mono_239.jpg,575,575
mono,151,163,249,250,rabbin_wbc_mono_24.jpg,575,575
mono,125,176,297,300,rabbin_wbc_mono_240.jpg,575,575
mono,160,124,235,270,rabbin_wbc_mono_241.jpg,575,575
mono,158,117,299,317,rabbin_wbc_mono_242.jpg,575,575
mono,171,192,278,265,rabbin_wbc_mono_243.jpg,575,575
mono,161,147,265,285,rabbin_wbc_mono_244.jpg,575,575
mono,146,131,288,277,rabbin_wbc_mono_245.jpg,575,575
mono,122,148,362,343,rabbin_wbc_mono_246.jpg,575,575
mono,184,193,314,291,rabbin_wbc_mono_247.jpg,575,575
mono,161,159,298,266,rabbin_wbc_mono_248.jpg,575,575
mono,74,110,358,259,rabbin_wbc_mono_249.jpg,575,575
mono,104,123,345,368,rabbin_wbc_mono_25.jpg,575,575
mono,142,132,311,296,rabbin_wbc_mono_250.jpg,575,575
mono,163,148,296,349,rabbin_wbc_mono_251.jpg,575,575
mono,155,186,280,275,rabbin_wbc_mono_252.jpg,575,575
mono,154,186,284,313,rabbin_wbc_mono_253.jpg,575,575
mono,155,98,253,345,rabbin_wbc_mono_254.jpg,575,575
mono,138,153,326,288,rabbin_wbc_mono_255.jpg,575,575
mono,123,100,318,328,rabbin_wbc_mono_256.jpg,575,575
mono,114,99,326,329,rabbin_wbc_mono_257.jpg,575,575
mono,149,122,275,272,rabbin_wbc_mono_258.jpg,575,575
mono,152,185,248,263,rabbin_wbc_mono_259.jpg,575,575
mono,135,145,300,359,rabbin_wbc_mono_26.jpg,575,575
mono,131,121,279,300,rabbin_wbc_mono_260.jpg,575,575
mono,152,115,278,287,rabbin_wbc_mono_261.jpg,575,575
mono,136,138,322,319,rabbin_wbc_mono_262.jpg,575,575
mono,142,89,279,364,rabbin_wbc_mono_263.jpg,575,575
mono,177,60,297,434,rabbin_wbc_mono_264.jpg,575,575
mono,183,148,237,260,rabbin_wbc_mono_265.jpg,575,575
mono,154,127,295,303,rabbin_wbc_mono_266.jpg,575,575
mono,157,89,319,325,rabbin_wbc_mono_267.jpg,575,575
mono,136,86,283,382,rabbin_wbc_mono_268.jpg,575,575
mono,141,144,291,268,rabbin_wbc_mono_269.jpg,575,575
mono,87,103,330,357,rabbin_wbc_mono_27.jpg,575,575
mono,117,142,346,301,rabbin_wbc_mono_270.jpg,575,575
mono,136,144,283,279,rabbin_wbc_mono_271.jpg,575,575
mono,142,134,301,296,rabbin_wbc_mono_272.jpg,575,575
mono,128,145,309,295,rabbin_wbc_mono_273.jpg,575,575
mono,95,129,338,303,rabbin_wbc_mono_274.jpg,575,575
mono,120,129,332,303,rabbin_wbc_mono_275.jpg,575,575
mono,128,121,291,326,rabbin_wbc_mono_276.jpg,575,575
mono,113,145,307,286,rabbin_wbc_mono_277.jpg,575,575
mono,163,173,249,256,rabbin_wbc_mono_278.jpg,575,575
mono,152,116,268,326,rabbin_wbc_mono_279.jpg,575,575
mono,133,74,313,341,rabbin_wbc_mono_28.jpg,575,575
mono,152,122,291,298,rabbin_wbc_mono_280.jpg,575,575
mono,142,107,268,370,rabbin_wbc_mono_281.jpg,575,575
mono,92,162,316,291,rabbin_wbc_mono_282.jpg,575,575
mono,70,117,326,328,rabbin_wbc_mono_283.jpg,575,575
mono,111,87,376,329,rabbin_wbc_mono_284.jpg,575,575
mono,134,115,303,307,rabbin_wbc_mono_285.jpg,575,575
mono,95,114,347,314,rabbin_wbc_mono_286.jpg,575,575
mono,165,124,292,319,rabbin_wbc_mono_287.jpg,575,575
mono,127,151,299,285,rabbin_wbc_mono_288.jpg,575,575
mono,139,133,326,339,rabbin_wbc_mono_289.jpg,575,575
mono,161,132,288,330,rabbin_wbc_mono_29.jpg,575,575
mono,130,75,311,385,rabbin_wbc_mono_290.jpg,575,575
mono,142,125,300,306,rabbin_wbc_mono_291.jpg,575,575
mono,156,96,284,351,rabbin_wbc_mono_292.jpg,575,575
mono,161,148,269,268,rabbin_wbc_mono_293.jpg,575,575
mono,158,102,266,294,rabbin_wbc_mono_294.jpg,575,575
mono,123,113,275,290,rabbin_wbc_mono_295.jpg,575,575
mono,179,109,256,313,rabbin_wbc_mono_296.jpg,575,575
mono,152,89,277,332,rabbin_wbc_mono_297.jpg,575,575
mono,152,106,303,393,rabbin_wbc_mono_298.jpg,575,575
mono,151,136,294,333,rabbin_wbc_mono_299.jpg,575,575
mono,136,141,292,284,rabbin_wbc_mono_3.jpg,575,575
mono,143,130,292,316,rabbin_wbc_mono_30.jpg,575,575
mono,136,142,277,312,rabbin_wbc_mono_300.jpg,575,575
mono,149,68,278,412,rabbin_wbc_mono_31.jpg,575,575
mono,142,115,297,364,rabbin_wbc_mono_32.jpg,575,575
mono,132,150,278,284,rabbin_wbc_mono_33.jpg,575,575
mono,140,142,294,286,rabbin_wbc_mono_34.jpg,575,575
mono,174,175,246,275,rabbin_wbc_mono_35.jpg,575,575
mono,148,124,337,307,rabbin_wbc_mono_36.jpg,575,575
mono,146,107,310,356,rabbin_wbc_mono_37.jpg,575,575
mono,161,160,328,335,rabbin_wbc_mono_38.jpg,575,575
mono,111,84,338,389,rabbin_wbc_mono_39.jpg,575,575
mono,137,157,261,287,rabbin_wbc_mono_4.jpg,575,575
mono,155,62,313,361,rabbin_wbc_mono_40.jpg,575,575
mono,134,160,291,276,rabbin_wbc_mono_41.jpg,575,575
mono,127,84,313,357,rabbin_wbc_mono_42.jpg,575,575
mono,155,170,281,297,rabbin_wbc_mono_43.jpg,575,575
mono,114,135,322,321,rabbin_wbc_mono_44.jpg,575,575
mono,148,75,303,359,rabbin_wbc_mono_45.jpg,575,575
mono,149,131,270,350,rabbin_wbc_mono_46.jpg,575,575
mono,155,135,272,303,rabbin_wbc_mono_47.jpg,575,575
mono,122,101,324,348,rabbin_wbc_mono_48.jpg,575,575
mono,116,105,286,317,rabbin_wbc_mono_49.jpg,575,575
mono,183,113,266,340,rabbin_wbc_mono_5.jpg,575,575
mono,136,94,317,342,rabbin_wbc_mono_50.jpg,575,575
mono,140,113,294,313,rabbin_wbc_mono_51.jpg,575,575
mono,104,145,327,308,rabbin_wbc_mono_52.jpg,575,575
mono,113,146,327,319,rabbin_wbc_mono_53.jpg,575,575
mono,123,125,334,350,rabbin_wbc_mono_54.jpg,575,575
mono,131,147,284,396,rabbin_wbc_mono_55.jpg,575,575
mono,164,94,268,392,rabbin_wbc_mono_56.jpg,575,575
mono,58,167,352,333,rabbin_wbc_mono_57.jpg,575,575
mono,141,112,265,337,rabbin_wbc_mono_58.jpg,575,575
mono,159,106,294,338,rabbin_wbc_mono_59.jpg,575,575
mono,148,115,307,313,rabbin_wbc_mono_6.jpg,575,575
mono,143,138,279,354,rabbin_wbc_mono_60.jpg,575,575
mono,179,127,240,368,rabbin_wbc_mono_61.jpg,575,575
mono,139,80,277,322,rabbin_wbc_mono_62.jpg,575,575
mono,158,141,257,284,rabbin_wbc_mono_63.jpg,575,575
mono,152,69,263,402,rabbin_wbc_mono_64.jpg,575,575
mono,148,120,277,284,rabbin_wbc_mono_65.jpg,575,575
mono,158,101,290,333,rabbin_wbc_mono_66.jpg,575,575
mono,131,158,309,261,rabbin_wbc_mono_67.jpg,575,575
mono,85,154,348,346,rabbin_wbc_mono_68.jpg,575,575
mono,183,71,284,332,rabbin_wbc_mono_69.jpg,575,575
mono,149,124,300,332,rabbin_wbc_mono_7.jpg,575,575
mono,117,110,344,349,rabbin_wbc_mono_70.jpg,575,575
mono,127,123,297,332,rabbin_wbc_mono_71.jpg,575,575
mono,162,113,258,418,rabbin_wbc_mono_72.jpg,575,575
mono,158,113,266,303,rabbin_wbc_mono_73.jpg,575,575
mono,102,148,332,339,rabbin_wbc_mono_74.jpg,575,575
mono,82,162,353,330,rabbin_wbc_mono_75.jpg,575,575
mono,122,155,321,259,rabbin_wbc_mono_76.jpg,575,575
mono,108,106,351,411,rabbin_wbc_mono_77.jpg,575,575
mono,150,103,291,318,rabbin_wbc_mono_78.jpg,575,575
mono,170,119,265,288,rabbin_wbc_mono_79.jpg,575,575
mono,161,100,272,352,rabbin_wbc_mono_8.jpg,575,575
mono,136,137,328,333,rabbin_wbc_mono_80.jpg,575,575
mono,123,101,332,300,rabbin_wbc_mono_81.jpg,575,575
mono,136,110,301,370,rabbin_wbc_mono_82.jpg,575,575
mono,107,148,310,284,rabbin_wbc_mono_83.jpg,575,575
mono,117,134,338,297,rabbin_wbc_mono_84.jpg,575,575
mono,111,143,319,268,rabbin_wbc_mono_85.jpg,575,575
mono,177,94,251,342,rabbin_wbc_mono_86.jpg,575,575
mono,120,135,338,342,rabbin_wbc_mono_87.jpg,575,575
mono,124,138,335,287,rabbin_wbc_mono_88.jpg,575,575
mono,133,105,301,305,rabbin_wbc_mono_89.jpg,575,575
mono,48,90,359,346,rabbin_wbc_mono_9.jpg,575,575
mono,154,117,324,380,rabbin_wbc_mono_90.jpg,575,575
mono,114,135,334,330,rabbin_wbc_mono_91.jpg,575,575
mono,156,138,314,303,rabbin_wbc_mono_92.jpg,575,575
mono,149,97,256,322,rabbin_wbc_mono_93.jpg,575,575
mono,130,110,299,335,rabbin_wbc_mono_94.jpg,575,575
mono,148,128,272,308,rabbin_wbc_mono_95.jpg,575,575
mono,140,128,303,317,rabbin_wbc_mono_96.jpg,575,575
mono,122,116,307,348,rabbin_wbc_mono_97.jpg,575,575
mono,151,155,304,325,rabbin_wbc_mono_98.jpg,575,575
mono,145,132,284,326,rabbin_wbc_mono_99.jpg,575,575